{
  "GET Home" : {
    "transaction" : "GET Home",
    "sampleCount" : 500,
    "errorCount" : 500,
    "errorPct" : 100.0,
    "meanResTime" : 5.009999999999999,
    "medianResTime" : 0.0,
    "minResTime" : 0.0,
    "maxResTime" : 161.0,
    "pct1ResTime" : 1.0,
    "pct2ResTime" : 15.849999999999966,
    "pct3ResTime" : 126.0,
    "throughput" : 1.3821165179509294,
    "receivedKBytesPerSec" : 1.496842986726153,
    "sentKBytesPerSec" : 0.0
  },
  "POST Login" : {
    "transaction" : "POST Login",
    "sampleCount" : 500,
    "errorCount" : 500,
    "errorPct" : 100.0,
    "meanResTime" : 25.870000000000026,
    "medianResTime" : 0.0,
    "minResTime" : 0.0,
    "maxResTime" : 3282.0,
    "pct1ResTime" : 2.0,
    "pct2ResTime" : 11.849999999999966,
    "pct3ResTime" : 847.860000000001,
    "throughput" : 1.3828274950356494,
    "receivedKBytesPerSec" : 1.5057154853171377,
    "sentKBytesPerSec" : 0.0
  },
  "Total" : {
    "transaction" : "Total",
    "sampleCount" : 2000,
    "errorCount" : 2000,
    "errorPct" : 100.0,
    "meanResTime" : 18.139500000000037,
    "medianResTime" : 0.0,
    "minResTime" : 0.0,
    "maxResTime" : 3282.0,
    "pct1ResTime" : 1.0,
    "pct2ResTime" : 10.0,
    "pct3ResTime" : 658.7300000000012,
    "throughput" : 5.52808404898988,
    "receivedKBytesPerSec" : 6.012601181213359,
    "sentKBytesPerSec" : 0.0
  },
  "GET Expenses" : {
    "transaction" : "GET Expenses",
    "sampleCount" : 500,
    "errorCount" : 500,
    "errorPct" : 100.0,
    "meanResTime" : 3.6319999999999983,
    "medianResTime" : 0.0,
    "minResTime" : 0.0,
    "maxResTime" : 930.0,
    "pct1ResTime" : 0.0,
    "pct2ResTime" : 1.0,
    "pct3ResTime" : 13.950000000000045,
    "throughput" : 1.384255478191055,
    "receivedKBytesPerSec" : 1.5113258052906244,
    "sentKBytesPerSec" : 0.0
  },
  "POST Add Expense" : {
    "transaction" : "POST Add Expense",
    "sampleCount" : 500,
    "errorCount" : 500,
    "errorPct" : 100.0,
    "meanResTime" : 38.045999999999985,
    "medianResTime" : 0.0,
    "minResTime" : 0.0,
    "maxResTime" : 3101.0,
    "pct1ResTime" : 4.900000000000034,
    "pct2ResTime" : 101.04999999999978,
    "pct3ResTime" : 1200.4100000000024,
    "throughput" : 1.3842976350659202,
    "receivedKBytesPerSec" : 1.5046125662386418,
    "sentKBytesPerSec" : 0.0
  }
}