{
  "GET Home" : {
    "transaction" : "GET Home",
    "sampleCount" : 500,
    "errorCount" : 500,
    "errorPct" : 100.0,
    "meanResTime" : 4.030000000000004,
    "medianResTime" : 0.0,
    "minResTime" : 0.0,
    "maxResTime" : 724.0,
    "pct1ResTime" : 0.0,
    "pct2ResTime" : 1.0,
    "pct3ResTime" : 88.93000000000006,
    "throughput" : 1.9135972566669728,
    "receivedKBytesPerSec" : 2.072440778948899,
    "sentKBytesPerSec" : 0.0
  },
  "POST Login" : {
    "transaction" : "POST Login",
    "sampleCount" : 500,
    "errorCount" : 500,
    "errorPct" : 100.0,
    "meanResTime" : 17.923999999999996,
    "medianResTime" : 0.0,
    "minResTime" : 0.0,
    "maxResTime" : 1293.0,
    "pct1ResTime" : 5.900000000000034,
    "pct2ResTime" : 43.849999999999966,
    "pct3ResTime" : 579.97,
    "throughput" : 1.9139049018932348,
    "receivedKBytesPerSec" : 2.0839882476669502,
    "sentKBytesPerSec" : 0.0
  },
  "Total" : {
    "transaction" : "Total",
    "sampleCount" : 2000,
    "errorCount" : 2000,
    "errorPct" : 100.0,
    "meanResTime" : 12.355500000000005,
    "medianResTime" : 0.0,
    "minResTime" : 0.0,
    "maxResTime" : 2170.0,
    "pct1ResTime" : 1.0,
    "pct2ResTime" : 7.949999999999818,
    "pct3ResTime" : 373.8100000000002,
    "throughput" : 7.654183968311679,
    "receivedKBytesPerSec" : 8.325046283893682,
    "sentKBytesPerSec" : 0.0
  },
  "GET Expenses" : {
    "transaction" : "GET Expenses",
    "sampleCount" : 500,
    "errorCount" : 500,
    "errorPct" : 100.0,
    "meanResTime" : 9.527999999999995,
    "medianResTime" : 0.0,
    "minResTime" : 0.0,
    "maxResTime" : 2170.0,
    "pct1ResTime" : 0.0,
    "pct2ResTime" : 1.0,
    "pct3ResTime" : 166.1100000000008,
    "throughput" : 1.9143665552505331,
    "receivedKBytesPerSec" : 2.090099422627047,
    "sentKBytesPerSec" : 0.0
  },
  "POST Add Expense" : {
    "transaction" : "POST Add Expense",
    "sampleCount" : 500,
    "errorCount" : 500,
    "errorPct" : 100.0,
    "meanResTime" : 17.940000000000023,
    "medianResTime" : 0.0,
    "minResTime" : 0.0,
    "maxResTime" : 1499.0,
    "pct1ResTime" : 3.0,
    "pct2ResTime" : 56.499999999999886,
    "pct3ResTime" : 679.850000000001,
    "throughput" : 1.9144691751318113,
    "receivedKBytesPerSec" : 2.080863468673541,
    "sentKBytesPerSec" : 0.0
  }
}