{
  "GET Home" : {
    "transaction" : "GET Home",
    "sampleCount" : 500,
    "errorCount" : 500,
    "errorPct" : 100.0,
    "meanResTime" : 1.149999999999999,
    "medianResTime" : 0.0,
    "minResTime" : 0.0,
    "maxResTime" : 172.0,
    "pct1ResTime" : 0.0,
    "pct2ResTime" : 1.0,
    "pct3ResTime" : 26.970000000000027,
    "throughput" : 7.120579900027058,
    "receivedKBytesPerSec" : 7.711643661259774,
    "sentKBytesPerSec" : 0.0
  },
  "POST Login" : {
    "transaction" : "POST Login",
    "sampleCount" : 500,
    "errorCount" : 500,
    "errorPct" : 100.0,
    "meanResTime" : 2.5559999999999996,
    "medianResTime" : 0.0,
    "minResTime" : 0.0,
    "maxResTime" : 361.0,
    "pct1ResTime" : 1.0,
    "pct2ResTime" : 3.0,
    "pct3ResTime" : 58.99000000000001,
    "throughput" : 7.124029351000926,
    "receivedKBytesPerSec" : 7.757121803091828,
    "sentKBytesPerSec" : 0.0
  },
  "Total" : {
    "transaction" : "Total",
    "sampleCount" : 2000,
    "errorCount" : 2000,
    "errorPct" : 100.0,
    "meanResTime" : 1.7369999999999979,
    "medianResTime" : 0.0,
    "minResTime" : 0.0,
    "maxResTime" : 372.0,
    "pct1ResTime" : 1.0,
    "pct2ResTime" : 1.0,
    "pct3ResTime" : 30.970000000000027,
    "throughput" : 28.480291638186376,
    "receivedKBytesPerSec" : 30.976489074248118,
    "sentKBytesPerSec" : 0.0
  },
  "GET Expenses" : {
    "transaction" : "GET Expenses",
    "sampleCount" : 500,
    "errorCount" : 500,
    "errorPct" : 100.0,
    "meanResTime" : 0.14000000000000007,
    "medianResTime" : 0.0,
    "minResTime" : 0.0,
    "maxResTime" : 19.0,
    "pct1ResTime" : 0.0,
    "pct2ResTime" : 0.0,
    "pct3ResTime" : 2.0,
    "throughput" : 7.128295054388891,
    "receivedKBytesPerSec" : 7.782650264459747,
    "sentKBytesPerSec" : 0.0
  },
  "POST Add Expense" : {
    "transaction" : "POST Add Expense",
    "sampleCount" : 500,
    "errorCount" : 500,
    "errorPct" : 100.0,
    "meanResTime" : 3.1019999999999954,
    "medianResTime" : 0.0,
    "minResTime" : 0.0,
    "maxResTime" : 372.0,
    "pct1ResTime" : 1.0,
    "pct2ResTime" : 1.0,
    "pct3ResTime" : 96.50000000000045,
    "throughput" : 7.130023101274848,
    "receivedKBytesPerSec" : 7.7497223747254935,
    "sentKBytesPerSec" : 0.0
  }
}