{
  "GET Home" : {
    "transaction" : "GET Home",
    "sampleCount" : 500,
    "errorCount" : 500,
    "errorPct" : 100.0,
    "meanResTime" : 0.5900000000000006,
    "medianResTime" : 0.0,
    "minResTime" : 0.0,
    "maxResTime" : 111.0,
    "pct1ResTime" : 0.0,
    "pct2ResTime" : 1.0,
    "pct3ResTime" : 6.990000000000009,
    "throughput" : 25.99698434981542,
    "receivedKBytesPerSec" : 28.154937152290334,
    "sentKBytesPerSec" : 0.0
  },
  "POST Login" : {
    "transaction" : "POST Login",
    "sampleCount" : 500,
    "errorCount" : 500,
    "errorPct" : 100.0,
    "meanResTime" : 1.2619999999999998,
    "medianResTime" : 0.0,
    "minResTime" : 0.0,
    "maxResTime" : 135.0,
    "pct1ResTime" : 1.0,
    "pct2ResTime" : 2.9499999999999886,
    "pct3ResTime" : 20.980000000000018,
    "throughput" : 26.01321471307424,
    "receivedKBytesPerSec" : 28.32493594245877,
    "sentKBytesPerSec" : 0.0
  },
  "Total" : {
    "transaction" : "Total",
    "sampleCount" : 2000,
    "errorCount" : 2000,
    "errorPct" : 100.0,
    "meanResTime" : 1.2360000000000009,
    "medianResTime" : 0.0,
    "minResTime" : 0.0,
    "maxResTime" : 135.0,
    "pct1ResTime" : 1.0,
    "pct2ResTime" : 1.0,
    "pct3ResTime" : 68.0,
    "throughput" : 103.94470141884518,
    "receivedKBytesPerSec" : 113.05508906761602,
    "sentKBytesPerSec" : 0.0
  },
  "GET Expenses" : {
    "transaction" : "GET Expenses",
    "sampleCount" : 500,
    "errorCount" : 500,
    "errorPct" : 100.0,
    "meanResTime" : 0.34800000000000025,
    "medianResTime" : 0.0,
    "minResTime" : 0.0,
    "maxResTime" : 103.0,
    "pct1ResTime" : 0.0,
    "pct2ResTime" : 0.0,
    "pct3ResTime" : 2.0,
    "throughput" : 26.033531188170365,
    "receivedKBytesPerSec" : 28.42332799645944,
    "sentKBytesPerSec" : 0.0
  },
  "POST Add Expense" : {
    "transaction" : "POST Add Expense",
    "sampleCount" : 500,
    "errorCount" : 500,
    "errorPct" : 100.0,
    "meanResTime" : 2.7440000000000033,
    "medianResTime" : 0.0,
    "minResTime" : 0.0,
    "maxResTime" : 121.0,
    "pct1ResTime" : 1.0,
    "pct2ResTime" : 3.0,
    "pct3ResTime" : 83.98000000000002,
    "throughput" : 26.041666666666668,
    "receivedKBytesPerSec" : 28.3050537109375,
    "sentKBytesPerSec" : 0.0
  }
}