{
  "GET Home" : {
    "transaction" : "GET Home",
    "sampleCount" : 500,
    "errorCount" : 500,
    "errorPct" : 100.0,
    "meanResTime" : 0.3779999999999998,
    "medianResTime" : 0.0,
    "minResTime" : 0.0,
    "maxResTime" : 81.0,
    "pct1ResTime" : 0.0,
    "pct2ResTime" : 1.0,
    "pct3ResTime" : 3.990000000000009,
    "throughput" : 3.0605374303727735,
    "receivedKBytesPerSec" : 3.3145859475423882,
    "sentKBytesPerSec" : 0.0
  },
  "POST Login" : {
    "transaction" : "POST Login",
    "sampleCount" : 500,
    "errorCount" : 500,
    "errorPct" : 100.0,
    "meanResTime" : 2.626000000000001,
    "medianResTime" : 0.0,
    "minResTime" : 0.0,
    "maxResTime" : 402.0,
    "pct1ResTime" : 1.0,
    "pct2ResTime" : 2.0,
    "pct3ResTime" : 60.97000000000003,
    "throughput" : 3.0607622522312954,
    "receivedKBytesPerSec" : 3.3327635851932564,
    "sentKBytesPerSec" : 0.0
  },
  "Total" : {
    "transaction" : "Total",
    "sampleCount" : 2000,
    "errorCount" : 2000,
    "errorPct" : 100.0,
    "meanResTime" : 2.5415,
    "medianResTime" : 0.0,
    "minResTime" : 0.0,
    "maxResTime" : 718.0,
    "pct1ResTime" : 1.0,
    "pct2ResTime" : 1.0,
    "pct3ResTime" : 60.97000000000003,
    "throughput" : 12.241625198161307,
    "receivedKBytesPerSec" : 13.314560609816558,
    "sentKBytesPerSec" : 0.0
  },
  "GET Expenses" : {
    "transaction" : "GET Expenses",
    "sampleCount" : 500,
    "errorCount" : 500,
    "errorPct" : 100.0,
    "meanResTime" : 1.7740000000000005,
    "medianResTime" : 0.0,
    "minResTime" : 0.0,
    "maxResTime" : 325.0,
    "pct1ResTime" : 0.0,
    "pct2ResTime" : 0.0,
    "pct3ResTime" : 51.720000000000255,
    "throughput" : 3.0611370287379547,
    "receivedKBytesPerSec" : 3.342139841922884,
    "sentKBytesPerSec" : 0.0
  },
  "POST Add Expense" : {
    "transaction" : "POST Add Expense",
    "sampleCount" : 500,
    "errorCount" : 500,
    "errorPct" : 100.0,
    "meanResTime" : 5.387999999999998,
    "medianResTime" : 0.0,
    "minResTime" : 0.0,
    "maxResTime" : 718.0,
    "pct1ResTime" : 1.0,
    "pct2ResTime" : 7.899999999999977,
    "pct3ResTime" : 140.97000000000003,
    "throughput" : 3.061286965040103,
    "receivedKBytesPerSec" : 3.3273558516500334,
    "sentKBytesPerSec" : 0.0
  }
}