{
  "GET Home" : {
    "transaction" : "GET Home",
    "sampleCount" : 500,
    "errorCount" : 500,
    "errorPct" : 100.0,
    "meanResTime" : 0.2820000000000002,
    "medianResTime" : 0.0,
    "minResTime" : 0.0,
    "maxResTime" : 17.0,
    "pct1ResTime" : 0.0,
    "pct2ResTime" : 1.0,
    "pct3ResTime" : 10.980000000000018,
    "throughput" : 15.086141870078146,
    "receivedKBytesPerSec" : 16.338409505777992,
    "sentKBytesPerSec" : 0.0
  },
  "POST Login" : {
    "transaction" : "POST Login",
    "sampleCount" : 500,
    "errorCount" : 500,
    "errorPct" : 100.0,
    "meanResTime" : 3.276000000000001,
    "medianResTime" : 0.0,
    "minResTime" : 0.0,
    "maxResTime" : 181.0,
    "pct1ResTime" : 3.0,
    "pct2ResTime" : 14.949999999999989,
    "pct3ResTime" : 64.97000000000003,
    "throughput" : 15.093883958220129,
    "receivedKBytesPerSec" : 16.435234974038522,
    "sentKBytesPerSec" : 0.0
  },
  "Total" : {
    "transaction" : "Total",
    "sampleCount" : 2000,
    "errorCount" : 2000,
    "errorPct" : 100.0,
    "meanResTime" : 1.3470000000000026,
    "medianResTime" : 0.0,
    "minResTime" : 0.0,
    "maxResTime" : 181.0,
    "pct1ResTime" : 1.0,
    "pct2ResTime" : 4.0,
    "pct3ResTime" : 36.98000000000002,
    "throughput" : 60.32090722644468,
    "receivedKBytesPerSec" : 65.6078226791531,
    "sentKBytesPerSec" : 0.0
  },
  "GET Expenses" : {
    "transaction" : "GET Expenses",
    "sampleCount" : 500,
    "errorCount" : 500,
    "errorPct" : 100.0,
    "meanResTime" : 0.40000000000000013,
    "medianResTime" : 0.0,
    "minResTime" : 0.0,
    "maxResTime" : 39.0,
    "pct1ResTime" : 0.0,
    "pct2ResTime" : 1.0,
    "pct3ResTime" : 15.0,
    "throughput" : 15.127677598935012,
    "receivedKBytesPerSec" : 16.51635112852475,
    "sentKBytesPerSec" : 0.0
  },
  "POST Add Expense" : {
    "transaction" : "POST Add Expense",
    "sampleCount" : 500,
    "errorCount" : 500,
    "errorPct" : 100.0,
    "meanResTime" : 1.4299999999999993,
    "medianResTime" : 0.0,
    "minResTime" : 0.0,
    "maxResTime" : 143.0,
    "pct1ResTime" : 2.0,
    "pct2ResTime" : 6.0,
    "pct3ResTime" : 26.99000000000001,
    "throughput" : 15.153811183512653,
    "receivedKBytesPerSec" : 16.470890475829673,
    "sentKBytesPerSec" : 0.0
  }
}