{
  "GET Home" : {
    "transaction" : "GET Home",
    "sampleCount" : 500,
    "errorCount" : 500,
    "errorPct" : 100.0,
    "meanResTime" : 2.0439999999999983,
    "medianResTime" : 0.0,
    "minResTime" : 0.0,
    "maxResTime" : 477.0,
    "pct1ResTime" : 0.0,
    "pct2ResTime" : 1.0,
    "pct3ResTime" : 19.940000000000055,
    "throughput" : 25.301082886347537,
    "receivedKBytesPerSec" : 27.40127043062443,
    "sentKBytesPerSec" : 0.0
  },
  "POST Login" : {
    "transaction" : "POST Login",
    "sampleCount" : 500,
    "errorCount" : 500,
    "errorPct" : 100.0,
    "meanResTime" : 1.7260000000000002,
    "medianResTime" : 0.0,
    "minResTime" : 0.0,
    "maxResTime" : 142.0,
    "pct1ResTime" : 2.0,
    "pct2ResTime" : 8.949999999999989,
    "pct3ResTime" : 31.90000000000009,
    "throughput" : 25.32799756851223,
    "receivedKBytesPerSec" : 27.578825477432755,
    "sentKBytesPerSec" : 0.0
  },
  "Total" : {
    "transaction" : "Total",
    "sampleCount" : 2000,
    "errorCount" : 2000,
    "errorPct" : 100.0,
    "meanResTime" : 1.4264999999999988,
    "medianResTime" : 0.0,
    "minResTime" : 0.0,
    "maxResTime" : 477.0,
    "pct1ResTime" : 1.0,
    "pct2ResTime" : 4.0,
    "pct3ResTime" : 21.0,
    "throughput" : 101.09179134654265,
    "receivedKBytesPerSec" : 109.95213145723818,
    "sentKBytesPerSec" : 0.0
  },
  "GET Expenses" : {
    "transaction" : "GET Expenses",
    "sampleCount" : 500,
    "errorCount" : 500,
    "errorPct" : 100.0,
    "meanResTime" : 0.5120000000000006,
    "medianResTime" : 0.0,
    "minResTime" : 0.0,
    "maxResTime" : 127.0,
    "pct1ResTime" : 0.0,
    "pct2ResTime" : 1.0,
    "pct3ResTime" : 12.970000000000027,
    "throughput" : 25.371695336682397,
    "receivedKBytesPerSec" : 27.700737682041915,
    "sentKBytesPerSec" : 0.0
  },
  "POST Add Expense" : {
    "transaction" : "POST Add Expense",
    "sampleCount" : 500,
    "errorCount" : 500,
    "errorPct" : 100.0,
    "meanResTime" : 1.424,
    "medianResTime" : 0.0,
    "minResTime" : 0.0,
    "maxResTime" : 62.0,
    "pct1ResTime" : 2.900000000000034,
    "pct2ResTime" : 7.0,
    "pct3ResTime" : 30.950000000000045,
    "throughput" : 25.380710659898476,
    "receivedKBytesPerSec" : 27.58665133248731,
    "sentKBytesPerSec" : 0.0
  }
}