{
  "GET Home" : {
    "transaction" : "GET Home",
    "sampleCount" : 500,
    "errorCount" : 500,
    "errorPct" : 100.0,
    "meanResTime" : 0.37200000000000005,
    "medianResTime" : 0.0,
    "minResTime" : 0.0,
    "maxResTime" : 31.0,
    "pct1ResTime" : 0.0,
    "pct2ResTime" : 1.0,
    "pct3ResTime" : 11.990000000000009,
    "throughput" : 42.8192172647084,
    "receivedKBytesPerSec" : 46.37354682281408,
    "sentKBytesPerSec" : 0.0
  },
  "POST Login" : {
    "transaction" : "POST Login",
    "sampleCount" : 500,
    "errorCount" : 500,
    "errorPct" : 100.0,
    "meanResTime" : 1.4040000000000006,
    "medianResTime" : 0.0,
    "minResTime" : 0.0,
    "maxResTime" : 43.0,
    "pct1ResTime" : 2.0,
    "pct2ResTime" : 7.0,
    "pct3ResTime" : 30.960000000000036,
    "throughput" : 42.859591976684385,
    "receivedKBytesPerSec" : 46.668403373049884,
    "sentKBytesPerSec" : 0.0
  },
  "Total" : {
    "transaction" : "Total",
    "sampleCount" : 2000,
    "errorCount" : 2000,
    "errorPct" : 100.0,
    "meanResTime" : 0.9299999999999993,
    "medianResTime" : 0.0,
    "minResTime" : 0.0,
    "maxResTime" : 287.0,
    "pct1ResTime" : 1.0,
    "pct2ResTime" : 3.0,
    "pct3ResTime" : 18.0,
    "throughput" : 170.79419299743807,
    "receivedKBytesPerSec" : 185.76370356532877,
    "sentKBytesPerSec" : 0.0
  },
  "GET Expenses" : {
    "transaction" : "GET Expenses",
    "sampleCount" : 500,
    "errorCount" : 500,
    "errorPct" : 100.0,
    "meanResTime" : 0.2460000000000001,
    "medianResTime" : 0.0,
    "minResTime" : 0.0,
    "maxResTime" : 10.0,
    "pct1ResTime" : 0.0,
    "pct2ResTime" : 1.0,
    "pct3ResTime" : 7.990000000000009,
    "throughput" : 43.029259896729776,
    "receivedKBytesPerSec" : 46.979211488812396,
    "sentKBytesPerSec" : 0.0
  },
  "POST Add Expense" : {
    "transaction" : "POST Add Expense",
    "sampleCount" : 500,
    "errorCount" : 500,
    "errorPct" : 100.0,
    "meanResTime" : 1.698,
    "medianResTime" : 0.0,
    "minResTime" : 0.0,
    "maxResTime" : 287.0,
    "pct1ResTime" : 1.0,
    "pct2ResTime" : 5.0,
    "pct3ResTime" : 18.0,
    "throughput" : 43.0551967622492,
    "receivedKBytesPerSec" : 46.79729882459313,
    "sentKBytesPerSec" : 0.0
  }
}