{
  "GET Home" : {
    "transaction" : "GET Home",
    "sampleCount" : 500,
    "errorCount" : 500,
    "errorPct" : 100.0,
    "meanResTime" : 2.482000000000001,
    "medianResTime" : 0.0,
    "minResTime" : 0.0,
    "maxResTime" : 307.0,
    "pct1ResTime" : 0.0,
    "pct2ResTime" : 1.0,
    "pct3ResTime" : 90.79000000000019,
    "throughput" : 1.0248904904510954,
    "receivedKBytesPerSec" : 1.109964408115493,
    "sentKBytesPerSec" : 0.0
  },
  "POST Login" : {
    "transaction" : "POST Login",
    "sampleCount" : 500,
    "errorCount" : 500,
    "errorPct" : 100.0,
    "meanResTime" : 30.439999999999948,
    "medianResTime" : 0.0,
    "minResTime" : 0.0,
    "maxResTime" : 4965.0,
    "pct1ResTime" : 1.0,
    "pct2ResTime" : 38.0,
    "pct3ResTime" : 822.9100000000001,
    "throughput" : 1.0252456488574662,
    "receivedKBytesPerSec" : 1.116356346168042,
    "sentKBytesPerSec" : 0.0
  },
  "Total" : {
    "transaction" : "Total",
    "sampleCount" : 2000,
    "errorCount" : 2000,
    "errorPct" : 100.0,
    "meanResTime" : 13.601499999999984,
    "medianResTime" : 0.0,
    "minResTime" : 0.0,
    "maxResTime" : 4965.0,
    "pct1ResTime" : 1.0,
    "pct2ResTime" : 3.0,
    "pct3ResTime" : 422.97,
    "throughput" : 4.099503140219405,
    "receivedKBytesPerSec" : 4.458810178143909,
    "sentKBytesPerSec" : 0.0
  },
  "GET Expenses" : {
    "transaction" : "GET Expenses",
    "sampleCount" : 500,
    "errorCount" : 500,
    "errorPct" : 100.0,
    "meanResTime" : 6.335999999999997,
    "medianResTime" : 0.0,
    "minResTime" : 0.0,
    "maxResTime" : 1238.0,
    "pct1ResTime" : 0.0,
    "pct2ResTime" : 1.0,
    "pct3ResTime" : 176.8900000000001,
    "throughput" : 1.027383890209648,
    "receivedKBytesPerSec" : 1.1216945207562368,
    "sentKBytesPerSec" : 0.0
  },
  "POST Add Expense" : {
    "transaction" : "POST Add Expense",
    "sampleCount" : 500,
    "errorCount" : 500,
    "errorPct" : 100.0,
    "meanResTime" : 15.147999999999996,
    "medianResTime" : 0.0,
    "minResTime" : 0.0,
    "maxResTime" : 1572.0,
    "pct1ResTime" : 1.0,
    "pct2ResTime" : 40.19999999999982,
    "pct3ResTime" : 514.1000000000008,
    "throughput" : 1.027383890209648,
    "receivedKBytesPerSec" : 1.1166779978548225,
    "sentKBytesPerSec" : 0.0
  }
}