{
  "GET Home" : {
    "transaction" : "GET Home",
    "sampleCount" : 500,
    "errorCount" : 500,
    "errorPct" : 100.0,
    "meanResTime" : 11.744000000000003,
    "medianResTime" : 0.0,
    "minResTime" : 0.0,
    "maxResTime" : 2484.0,
    "pct1ResTime" : 0.0,
    "pct2ResTime" : 0.0,
    "pct3ResTime" : 4.990000000000009,
    "throughput" : 6.1227238773985775,
    "receivedKBytesPerSec" : 6.630957793002952,
    "sentKBytesPerSec" : 0.0
  },
  "POST Login" : {
    "transaction" : "POST Login",
    "sampleCount" : 500,
    "errorCount" : 500,
    "errorPct" : 100.0,
    "meanResTime" : 36.68799999999999,
    "medianResTime" : 0.0,
    "minResTime" : 0.0,
    "maxResTime" : 1688.0,
    "pct1ResTime" : 6.0,
    "pct2ResTime" : 319.1999999999998,
    "pct3ResTime" : 887.5800000000013,
    "throughput" : 6.1339156463920315,
    "receivedKBytesPerSec" : 6.679019478249136,
    "sentKBytesPerSec" : 0.0
  },
  "Total" : {
    "transaction" : "Total",
    "sampleCount" : 2000,
    "errorCount" : 2000,
    "errorPct" : 100.0,
    "meanResTime" : 19.678500000000014,
    "medianResTime" : 0.0,
    "minResTime" : 0.0,
    "maxResTime" : 2486.0,
    "pct1ResTime" : 1.0,
    "pct2ResTime" : 2.0,
    "pct3ResTime" : 482.0,
    "throughput" : 24.490295720320823,
    "receivedKBytesPerSec" : 26.63678404151105,
    "sentKBytesPerSec" : 0.0
  },
  "GET Expenses" : {
    "transaction" : "GET Expenses",
    "sampleCount" : 500,
    "errorCount" : 500,
    "errorPct" : 100.0,
    "meanResTime" : 21.208000000000013,
    "medianResTime" : 0.0,
    "minResTime" : 0.0,
    "maxResTime" : 2486.0,
    "pct1ResTime" : 0.0,
    "pct2ResTime" : 0.0,
    "pct3ResTime" : 1659.490000000004,
    "throughput" : 6.151499120335625,
    "receivedKBytesPerSec" : 6.716187516147684,
    "sentKBytesPerSec" : 0.0
  },
  "POST Add Expense" : {
    "transaction" : "POST Add Expense",
    "sampleCount" : 500,
    "errorCount" : 500,
    "errorPct" : 100.0,
    "meanResTime" : 9.073999999999995,
    "medianResTime" : 0.0,
    "minResTime" : 0.0,
    "maxResTime" : 2211.0,
    "pct1ResTime" : 1.0,
    "pct2ResTime" : 2.0,
    "pct3ResTime" : 225.0,
    "throughput" : 6.152634558117786,
    "receivedKBytesPerSec" : 6.687385022641695,
    "sentKBytesPerSec" : 0.0
  }
}