{
  "GET Home" : {
    "transaction" : "GET Home",
    "sampleCount" : 500,
    "errorCount" : 500,
    "errorPct" : 100.0,
    "meanResTime" : 0.7600000000000007,
    "medianResTime" : 0.0,
    "minResTime" : 0.0,
    "maxResTime" : 131.0,
    "pct1ResTime" : 0.0,
    "pct2ResTime" : 1.0,
    "pct3ResTime" : 10.960000000000036,
    "throughput" : 31.162355874104083,
    "receivedKBytesPerSec" : 33.74907486755998,
    "sentKBytesPerSec" : 0.0
  },
  "POST Login" : {
    "transaction" : "POST Login",
    "sampleCount" : 500,
    "errorCount" : 500,
    "errorPct" : 100.0,
    "meanResTime" : 2.208,
    "medianResTime" : 0.0,
    "minResTime" : 0.0,
    "maxResTime" : 175.0,
    "pct1ResTime" : 2.0,
    "pct2ResTime" : 9.0,
    "pct3ResTime" : 69.95000000000005,
    "throughput" : 31.291069528756495,
    "receivedKBytesPerSec" : 34.071818871644034,
    "sentKBytesPerSec" : 0.0
  },
  "Total" : {
    "transaction" : "Total",
    "sampleCount" : 2000,
    "errorCount" : 2000,
    "errorPct" : 100.0,
    "meanResTime" : 1.2995000000000012,
    "medianResTime" : 0.0,
    "minResTime" : 0.0,
    "maxResTime" : 175.0,
    "pct1ResTime" : 1.0,
    "pct2ResTime" : 2.0,
    "pct3ResTime" : 37.99000000000001,
    "throughput" : 124.37037497668057,
    "receivedKBytesPerSec" : 135.27100110378709,
    "sentKBytesPerSec" : 0.0
  },
  "GET Expenses" : {
    "transaction" : "GET Expenses",
    "sampleCount" : 500,
    "errorCount" : 500,
    "errorPct" : 100.0,
    "meanResTime" : 0.14200000000000004,
    "medianResTime" : 0.0,
    "minResTime" : 0.0,
    "maxResTime" : 9.0,
    "pct1ResTime" : 0.0,
    "pct2ResTime" : 1.0,
    "pct3ResTime" : 5.990000000000009,
    "throughput" : 31.4821810855056,
    "receivedKBytesPerSec" : 34.372146927339124,
    "sentKBytesPerSec" : 0.0
  },
  "POST Add Expense" : {
    "transaction" : "POST Add Expense",
    "sampleCount" : 500,
    "errorCount" : 500,
    "errorPct" : 100.0,
    "meanResTime" : 2.0880000000000005,
    "medianResTime" : 0.0,
    "minResTime" : 0.0,
    "maxResTime" : 173.0,
    "pct1ResTime" : 1.0,
    "pct2ResTime" : 5.0,
    "pct3ResTime" : 81.8900000000001,
    "throughput" : 31.577617784514338,
    "receivedKBytesPerSec" : 34.322156830238725,
    "sentKBytesPerSec" : 0.0
  }
}