{
  "GET Home" : {
    "transaction" : "GET Home",
    "sampleCount" : 500,
    "errorCount" : 500,
    "errorPct" : 100.0,
    "meanResTime" : 5.112000000000002,
    "medianResTime" : 0.0,
    "minResTime" : 0.0,
    "maxResTime" : 389.0,
    "pct1ResTime" : 1.0,
    "pct2ResTime" : 12.549999999999898,
    "pct3ResTime" : 128.96000000000004,
    "throughput" : 3.5905095651174816,
    "receivedKBytesPerSec" : 3.88854990987821,
    "sentKBytesPerSec" : 0.0
  },
  "POST Login" : {
    "transaction" : "POST Login",
    "sampleCount" : 500,
    "errorCount" : 500,
    "errorPct" : 100.0,
    "meanResTime" : 5.860000000000005,
    "medianResTime" : 0.0,
    "minResTime" : 0.0,
    "maxResTime" : 649.0,
    "pct1ResTime" : 2.0,
    "pct2ResTime" : 18.94999999999999,
    "pct3ResTime" : 150.82000000000016,
    "throughput" : 3.5944329422590293,
    "receivedKBytesPerSec" : 3.9138600884949386,
    "sentKBytesPerSec" : 0.0
  },
  "Total" : {
    "transaction" : "Total",
    "sampleCount" : 2000,
    "errorCount" : 2000,
    "errorPct" : 100.0,
    "meanResTime" : 6.214999999999999,
    "medianResTime" : 0.0,
    "minResTime" : 0.0,
    "maxResTime" : 1393.0,
    "pct1ResTime" : 1.0,
    "pct2ResTime" : 6.949999999999818,
    "pct3ResTime" : 153.97000000000003,
    "throughput" : 14.358738728390097,
    "receivedKBytesPerSec" : 15.617231697992647,
    "sentKBytesPerSec" : 0.0
  },
  "GET Expenses" : {
    "transaction" : "GET Expenses",
    "sampleCount" : 500,
    "errorCount" : 500,
    "errorPct" : 100.0,
    "meanResTime" : 0.7979999999999994,
    "medianResTime" : 0.0,
    "minResTime" : 0.0,
    "maxResTime" : 216.0,
    "pct1ResTime" : 0.0,
    "pct2ResTime" : 1.0,
    "pct3ResTime" : 2.990000000000009,
    "throughput" : 3.5981318499435093,
    "receivedKBytesPerSec" : 3.928429109606292,
    "sentKBytesPerSec" : 0.0
  },
  "POST Add Expense" : {
    "transaction" : "POST Add Expense",
    "sampleCount" : 500,
    "errorCount" : 500,
    "errorPct" : 100.0,
    "meanResTime" : 13.090000000000003,
    "medianResTime" : 0.0,
    "minResTime" : 0.0,
    "maxResTime" : 1393.0,
    "pct1ResTime" : 1.900000000000034,
    "pct2ResTime" : 14.0,
    "pct3ResTime" : 441.60000000000036,
    "throughput" : 3.5976917209918113,
    "receivedKBytesPerSec" : 3.910381724085826,
    "sentKBytesPerSec" : 0.0
  }
}